DateKey,Month Value,OrganizationKey,DepartmentKey,ScenarioKey,AccountKey,Amount,AmountUSD
20080401,200804,8,6,1,52,42491.27,41927.67
20080401,200804,8,6,1,53,42491.27,41927.67
20080401,200804,8,6,1,54,3339.02,3294.73
20080401,200804,8,6,1,56,157620.68,155530
20080401,200804,8,6,1,57,42491.27,41927.67
20080401,200804,8,6,1,60,52203.57,51511.14
20080401,200804,8,6,1,61,4820.87,4756.93
20080401,200804,8,6,1,62,4820.87,4756.93
20080401,200804,8,6,1,63,21246.93,20965.11
20080401,200804,8,6,1,65,849.58,838.31
20080401,200804,8,6,1,66,772.31,762.07
20080401,200804,8,6,1,67,382.91,377.83
20080401,200804,8,6,1,68,287.45,283.64
20080401,200804,8,6,1,69,85.93,84.79
20080401,200804,8,6,1,71,123.81,122.17
20080401,200804,8,6,1,72,1416.26,1397.47
20080401,200804,8,6,1,73,510.18,503.41
20080401,200804,8,6,1,74,645.03,636.47
20080401,200804,8,6,1,76,6567.87,6480.75
20080401,200804,8,6,1,77,1011.71,998.29
20080401,200804,8,6,1,78,275.33,271.68
20080401,200804,8,6,1,80,1035.95,1022.21
20080401,200804,8,6,1,81,642,633.48
20080401,200804,8,6,1,82,63.2,62.36
20080401,200804,8,6,1,83,219.27,216.36
20080401,200804,8,6,1,84,184.42,181.97
20080401,200804,8,6,1,85,175.33,173
20080401,200804,8,6,1,87,955.64,942.96
20080401,200804,8,6,1,89,179.87,177.48
20080401,200804,8,6,1,90,276.84,273.17
20080401,200804,8,6,1,91,-220.13,-217.21
20080401,200804,8,6,1,92,369.27,364.37
20080401,200804,8,6,1,94,47276.2,46649.13
20080401,200804,8,6,1,101,708199.13,698805.58
20080401,200804,7,6,1,52,36018,36018
20080401,200804,7,6,1,53,24012,24012
20080401,200804,7,6,1,54,3046,3046
20080401,200804,7,6,1,56,126988,126988
20080401,200804,7,6,1,57,27014,27014
20080401,200804,7,6,1,60,60398,60398
20080401,200804,7,6,1,61,7436,7436
20080401,200804,7,6,1,62,3718,3718
20080401,200804,7,6,1,63,30015,30015
20080401,200804,7,6,1,65,702,702
20080401,200804,7,6,1,66,638,638
20080401,200804,7,6,1,67,325,325
20080401,200804,7,6,1,68,247,247
20080401,200804,7,6,1,69,70,70
20080401,200804,7,6,1,71,101,101
20080401,200804,7,6,1,72,1200,1200
20080401,200804,7,6,1,73,490,490
20080401,200804,7,6,1,74,352,352
20080401,200804,7,6,1,76,5179,5179
20080401,200804,7,6,1,77,1111,1111
20080401,200804,7,6,1,78,338,338
20080401,200804,7,6,1,80,1337,1337
20080401,200804,7,6,1,81,828,828
20080401,200804,7,6,1,82,83,83
20080401,200804,7,6,1,83,290,290
20080401,200804,7,6,1,84,249,249
20080401,200804,7,6,1,85,232,232
20080401,200804,7,6,1,87,1170,1170
20080401,200804,7,6,1,89,243,243
20080401,200804,7,6,1,90,374,374
20080401,200804,7,6,1,91,-299,-299
20080401,200804,7,6,1,92,499,499
20080401,200804,7,6,1,94,44651,44651
20080401,200804,7,6,1,101,600314,600314
20080401,200804,3,6,1,52,7707,7707
20080401,200804,3,6,1,53,2569,2569
20080401,200804,3,6,1,54,151,151
20080401,200804,3,6,1,56,86901,86901
20080401,200804,3,6,1,60,47093,47093
20080401,200804,3,6,1,61,5315,5315
20080401,200804,3,6,1,62,4349,4349
20080401,200804,3,6,1,63,5780,5780
20080401,200804,3,6,1,65,741,741
20080401,200804,3,6,1,66,674,674
20080401,200804,3,6,1,67,332,332
20080401,200804,3,6,1,68,254,254
20080401,200804,3,6,1,69,74,74
20080401,200804,3,6,1,71,114,114
20080401,200804,3,6,1,72,192,192
20080401,200804,3,6,1,73,456,456
20080401,200804,3,6,1,74,335,335
20080401,200804,3,6,1,76,2110,2110
20080401,200804,3,6,1,77,912,912
20080401,200804,3,6,1,78,258,258
20080401,200804,3,6,1,80,1054,1054
20080401,200804,3,6,1,81,653,653
20080401,200804,3,6,1,82,67,67
20080401,200804,3,6,1,83,233,233
20080401,200804,3,6,1,84,205,205
20080401,200804,3,6,1,85,186,186
20080401,200804,3,6,1,87,878,878
20080401,200804,3,6,1,89,267,267
20080401,200804,3,6,1,90,409,409
20080401,200804,3,6,1,91,-327,-327
20080401,200804,3,6,1,92,546,546
20080401,200804,3,6,1,94,1947,1947
20080401,200804,3,6,1,101,256906,256906
20080401,200804,5,6,1,52,9442,9442
20080401,200804,5,6,1,53,4721,4721
20080401,200804,5,6,1,54,5,5
20080401,200804,5,6,1,56,63219,63219
20080401,200804,5,6,1,57,14163,14163
20080401,200804,5,6,1,60,49639,49639
20080401,200804,5,6,1,61,5093,5093
20080401,200804,5,6,1,62,3056,3056
20080401,200804,5,6,1,63,8498,8498
20080401,200804,5,6,1,65,515,515
20080401,200804,5,6,1,66,468,468
20080401,200804,5,6,1,67,248,248
20080401,200804,5,6,1,68,188,188
20080401,200804,5,6,1,69,52,52
20080401,200804,5,6,1,71,77,77
20080401,200804,5,6,1,72,637,637
20080401,200804,5,6,1,73,373,373
20080401,200804,5,6,1,74,302,302
20080401,200804,5,6,1,76,2084,2084
20080401,200804,5,6,1,77,846,846
20080401,200804,5,6,1,78,254,254
20080401,200804,5,6,1,80,977,977
20080401,200804,5,6,1,81,605,605
20080401,200804,5,6,1,82,59,59
20080401,200804,5,6,1,83,207,207
20080401,200804,5,6,1,84,174,174
20080401,200804,5,6,1,85,166,166
20080401,200804,5,6,1,87,891,891
20080401,200804,5,6,1,89,189,189
20080401,200804,5,6,1,90,290,290
20080401,200804,5,6,1,91,-232,-232
20080401,200804,5,6,1,92,387,387
20080401,200804,5,6,1,94,15642,15642
20080401,200804,5,6,1,101,236056,236056
20080401,200804,4,6,1,52,18727,18727
20080401,200804,4,6,1,54,3146,3146
20080401,200804,4,6,1,56,90166,90166
20080401,200804,4,6,1,57,14045,14045
20080401,200804,4,6,1,60,59202,59202
20080401,200804,4,6,1,61,5467,5467
20080401,200804,4,6,1,62,5467,5467
20080401,200804,4,6,1,63,14045,14045
20080401,200804,4,6,1,65,1053,1053
20080401,200804,4,6,1,66,958,958
20080401,200804,4,6,1,67,468,468
20080401,200804,4,6,1,68,351,351
20080401,200804,4,6,1,69,105,105
20080401,200804,4,6,1,71,152,152
20080401,200804,4,6,1,72,468,468
20080401,200804,4,6,1,73,625,625
20080401,200804,4,6,1,74,467,467
20080401,200804,4,6,1,76,4659,4659
20080401,200804,4,6,1,77,1240,1240
20080401,200804,4,6,1,78,335,335
20080401,200804,4,6,1,80,1310,1310
20080401,200804,4,6,1,81,811,811
20080401,200804,4,6,1,82,81,81
20080401,200804,4,6,1,83,284,284
20080401,200804,4,6,1,84,241,241
20080401,200804,4,6,1,85,227,227
20080401,200804,4,6,1,87,1170,1170
20080401,200804,4,6,1,89,235,235
20080401,200804,4,6,1,90,362,362
20080401,200804,4,6,1,91,-290,-290
20080401,200804,4,6,1,92,483,483
20080401,200804,4,6,1,94,38002,38002
20080401,200804,4,6,1,101,468192,468192
20080401,200804,6,6,1,52,13438,13438
20080401,200804,6,6,1,53,8399,8399
20080401,200804,6,6,1,54,128,128
20080401,200804,6,6,1,56,49223,49223
20080401,200804,6,6,1,57,10079,10079
20080401,200804,6,6,1,60,21429,21429
20080401,200804,6,6,1,61,1758,1758
20080401,200804,6,6,1,62,1099,1099
20080401,200804,6,6,1,63,1293,1293
20080401,200804,6,6,1,65,178,178
20080401,200804,6,6,1,66,162,162
20080401,200804,6,6,1,67,89,89
20080401,200804,6,6,1,68,64,64
20080401,200804,6,6,1,69,18,18
20080401,200804,6,6,1,71,27,27
20080401,200804,6,6,1,72,129,129
20080401,200804,6,6,1,73,137,137
20080401,200804,6,6,1,74,113,113
20080401,200804,6,6,1,76,664,664
20080401,200804,6,6,1,77,347,347
20080401,200804,6,6,1,78,114,114
20080401,200804,6,6,1,80,463,463
20080401,200804,6,6,1,81,286,286
20080401,200804,6,6,1,82,29,29
20080401,200804,6,6,1,83,104,104
20080401,200804,6,6,1,84,92,92
20080401,200804,6,6,1,85,83,83
20080401,200804,6,6,1,87,382,382
20080401,200804,6,6,1,89,233,233
20080401,200804,6,6,1,90,359,359
20080401,200804,6,6,1,91,-287,-287
20080401,200804,6,6,1,92,479,479
20080401,200804,6,6,1,101,167985,167985
20080401,200804,11,6,1,52,4834.89,7613.03
20080401,200804,11,6,1,54,111.4,175.41
20080401,200804,11,6,1,56,17768.11,27977.72
20080401,200804,11,6,1,60,22673.52,35701.79
20080401,200804,11,6,1,61,2094.42,3297.88
20080401,200804,11,6,1,62,2326.33,3663.05
20080401,200804,11,6,1,63,1078.44,1698.11
20080401,200804,11,6,1,65,448.64,706.43
20080401,200804,11,6,1,66,408.21,642.77
20080401,200804,11,6,1,67,199.7,314.45
20080401,200804,11,6,1,68,149.7,235.72
20080401,200804,11,6,1,69,45.44,71.55
20080401,200804,11,6,1,71,65.65,103.37
20080401,200804,11,6,1,72,161.4,254.14
20080401,200804,11,6,1,73,260.34,409.93
20080401,200804,11,6,1,74,383.74,604.24
20080401,200804,11,6,1,76,748.65,1178.83
20080401,200804,11,6,1,77,493.32,776.78
20080401,200804,11,6,1,78,127.36,200.54
20080401,200804,11,6,1,80,475.24,748.31
20080401,200804,11,6,1,81,294.38,463.53
20080401,200804,11,6,1,82,28.42,44.75
20080401,200804,11,6,1,83,100.76,158.66
20080401,200804,11,6,1,84,82.68,130.19
20080401,200804,11,6,1,85,79.48,125.15
20080401,200804,11,6,1,87,448.64,706.43
20080401,200804,11,6,1,89,103.95,163.68
20080401,200804,11,6,1,90,159.27,250.79
20080401,200804,11,6,1,91,-125.83,-198.13
20080401,200804,11,6,1,92,212.47,334.56
20080401,200804,11,6,1,94,5102.98,8035.17
20080401,200804,11,6,1,101,69071.2,108759.72
20080401,200804,12,6,1,52,6198.75,9760.57
20080401,200804,12,6,1,53,8265.81,13015.37
20080401,200804,12,6,1,54,501.83,790.18
20080401,200804,12,6,1,56,58039.07,91388.49
20080401,200804,12,6,1,60,30830.06,48545.1
20080401,200804,12,6,1,61,3796.57,5978.09
20080401,200804,12,6,1,62,3163.58,4981.38
20080401,200804,12,6,1,63,8265.81,13015.37
20080401,200804,12,6,1,65,536.94,845.47
20080401,200804,12,6,1,66,488,768.41
20080401,200804,12,6,1,67,243.32,383.13
20080401,200804,12,6,1,68,179.49,282.63
20080401,200804,12,6,1,69,53.95,84.95
20080401,200804,12,6,1,71,83.74,131.86
20080401,200804,12,6,1,72,413.53,651.15
20080401,200804,12,6,1,73,315.66,497.04
20080401,200804,12,6,1,74,463.53,729.88
20080401,200804,12,6,1,76,2130.59,3354.83
20080401,200804,12,6,1,77,620.98,977.8
20080401,200804,12,6,1,78,179.49,282.63
20080401,200804,12,6,1,80,683.75,1076.63
20080401,200804,12,6,1,81,423.11,666.23
20080401,200804,12,6,1,82,43.31,68.2
20080401,200804,12,6,1,83,151.83,239.07
20080401,200804,12,6,1,84,131.61,207.23
20080401,200804,12,6,1,85,120.97,190.48
20080401,200804,12,6,1,87,575.24,905.77
20080401,200804,12,6,1,89,128.42,202.21
20080401,200804,12,6,1,90,197.57,311.09
20080401,200804,12,6,1,91,-156.68,-246.71
20080401,200804,12,6,1,92,263.53,414.96
20080401,200804,12,6,1,94,14670.18,23099.71
20080401,200804,12,6,1,101,206625.89,325353.75
20080401,200804,13,6,1,52,3717.11,3456.54
20080401,200804,13,6,1,53,4957.48,4609.97
20080401,200804,13,6,1,56,63655.07,59192.91
20080401,200804,13,6,1,57,5576.79,5185.86
20080401,200804,13,6,1,60,35508.93,33019.79
20080401,200804,13,6,1,61,3643.43,3388.03
20080401,200804,13,6,1,62,3643.43,3388.03
20080401,200804,13,6,1,63,3717.11,3456.54
20080401,200804,13,6,1,65,625.82,581.95
20080401,200804,13,6,1,66,567.93,528.12
20080401,200804,13,6,1,67,281.96,262.19
20080401,200804,13,6,1,68,211.78,196.93
20080401,200804,13,6,1,69,64.41,59.89
20080401,200804,13,6,1,71,92.48,86
20080401,200804,13,6,1,72,496,461.23
20080401,200804,13,6,1,73,366.17,340.5
20080401,200804,13,6,1,74,783.72,728.78
20080401,200804,13,6,1,76,1476.72,1373.2
20080401,200804,13,6,1,77,696,647.21
20080401,200804,13,6,1,78,199.5,185.52
20080401,200804,13,6,1,80,722.32,671.69
20080401,200804,13,6,1,81,446.87,415.54
20080401,200804,13,6,1,82,45.11,41.95
20080401,200804,13,6,1,83,157.4,146.37
20080401,200804,13,6,1,84,134.59,125.16
20080401,200804,13,6,1,85,125.82,117
20080401,200804,13,6,1,87,632.84,588.48
20080401,200804,13,6,1,89,132.83,123.52
20080401,200804,13,6,1,90,203.01,188.78
20080401,200804,13,6,1,91,-160.15,-148.92
20080401,200804,13,6,1,92,269.68,250.78
20080401,200804,13,6,1,101,123907.07,115221.31
20080401,200804,13,1,1,60,31635.17,29417.58
20080401,200804,13,1,1,61,2597.79,2415.69
20080401,200804,13,1,1,62,1624.09,1510.24
20080401,200804,13,1,1,65,331.08,307.87
20080401,200804,13,1,1,66,301.26,280.14
20080401,200804,13,1,1,67,162.66,151.26
20080401,200804,13,1,1,68,120.55,112.1
20080401,200804,13,1,1,69,34.59,32.17
20080401,200804,13,1,1,71,46.87,43.58
20080401,200804,13,1,1,73,246.87,229.56
20080401,200804,13,1,1,74,473.19,440.02
20080401,200804,13,1,1,76,327.57,304.61
20080401,200804,13,1,1,77,587.23,546.07
20080401,200804,13,1,1,78,206.52,192.04
20080401,200804,13,1,1,80,745.13,692.9
20080401,200804,13,1,1,81,460.91,428.6
20080401,200804,13,1,1,82,46.87,43.58
20080401,200804,13,1,1,83,164.41,152.89
20080401,200804,13,1,1,84,145.11,134.94
20080401,200804,13,1,1,85,132.83,123.52
20080401,200804,13,1,1,87,632.84,588.48
20080401,200804,13,1,1,89,141.61,131.68
20080401,200804,13,1,1,90,217.05,201.84
20080401,200804,13,1,1,91,-170.67,-158.71
20080401,200804,13,1,1,92,288.98,268.72
20080401,200804,12,1,1,60,18008.54,28356.3
20080401,200804,12,1,1,61,2217.82,3492.19
20080401,200804,12,1,1,62,1293.34,2036.5
20080401,200804,12,1,1,65,273.1,430.02
20080401,200804,12,1,1,66,247.57,389.82
20080401,200804,12,1,1,67,124.17,195.52
20080401,200804,12,1,1,68,94.38,148.61
20080401,200804,12,1,1,69,28.42,44.75
20080401,200804,12,1,1,71,39.06,61.5
20080401,200804,12,1,1,73,177.36,279.27
20080401,200804,12,1,1,74,359.28,565.72
20080401,200804,12,1,1,76,211.4,332.87
20080401,200804,12,1,1,77,379.49,597.55
20080401,200804,12,1,1,78,120.97,190.48
20080401,200804,12,1,1,80,442.26,696.38
20080401,200804,12,1,1,81,274.17,431.71
20080401,200804,12,1,1,82,27.36,43.08
20080401,200804,12,1,1,83,96.51,151.96
20080401,200804,12,1,1,84,82.68,130.19
20080401,200804,12,1,1,85,77.36,121.81
20080401,200804,12,1,1,87,383.74,604.24
20080401,200804,12,1,1,89,80.55,126.83
20080401,200804,12,1,1,90,124.17,195.52
20080401,200804,12,1,1,91,-98.18,-154.59
20080401,200804,12,1,1,92,165.66,260.85
20080401,200804,12,1,1,94,96.51,151.96
20080401,200804,11,1,1,60,35880.15,56496.99
20080401,200804,11,1,1,61,3313.59,5217.59
20080401,200804,11,1,1,62,3313.59,5217.59
20080401,200804,11,1,1,65,640.13,1007.95
20080401,200804,11,1,1,66,581.62,915.82
20080401,200804,11,1,1,67,292.25,460.18
20080401,200804,11,1,1,68,216.72,341.25
20080401,200804,11,1,1,69,64.59,101.7
20080401,200804,11,1,1,71,97.57,153.63
20080401,200804,11,1,1,73,389.06,612.62
20080401,200804,11,1,1,74,359.28,565.72
20080401,200804,11,1,1,76,435.87,686.32
20080401,200804,11,1,1,77,784.82,1235.78
20080401,200804,11,1,1,78,225.23,354.65
20080401,200804,11,1,1,80,907.16,1428.42
20080401,200804,11,1,1,81,561.41,884
20080401,200804,11,1,1,82,58.21,91.66
20080401,200804,11,1,1,83,202.89,319.47
20080401,200804,11,1,1,84,178.42,280.94
20080401,200804,11,1,1,85,162.46,255.81
20080401,200804,11,1,1,87,747.58,1177.14
20080401,200804,11,1,1,89,223.1,351.29
20080401,200804,11,1,1,90,342.25,538.91
20080401,200804,11,1,1,91,-272.64,-429.3
20080401,200804,11,1,1,92,456.09,718.16
20080401,200804,11,1,1,94,251.83,396.53
20080401,200804,6,1,1,60,27096,27096
20080401,200804,6,1,1,61,2502,2502
20080401,200804,6,1,1,62,2224,2224
20080401,200804,6,1,1,65,421,421
20080401,200804,6,1,1,66,384,384
20080401,200804,6,1,1,67,190,190
20080401,200804,6,1,1,68,144,144
20080401,200804,6,1,1,69,42,42
20080401,200804,6,1,1,71,60,60
20080401,200804,6,1,1,73,263,263
20080401,200804,6,1,1,74,174,174
20080401,200804,6,1,1,76,298,298
20080401,200804,6,1,1,77,536,536
20080401,200804,6,1,1,78,155,155
20080401,200804,6,1,1,80,661,661
20080401,200804,6,1,1,81,409,409
20080401,200804,6,1,1,82,43,43
20080401,200804,6,1,1,83,150,150
20080401,200804,6,1,1,84,135,135
20080401,200804,6,1,1,85,120,120
20080401,200804,6,1,1,87,520,520
20080401,200804,6,1,1,89,343,343
20080401,200804,6,1,1,90,526,526
20080401,200804,6,1,1,91,-421,-421
20080401,200804,6,1,1,92,702,702
20080401,200804,7,1,1,60,78982,78982
20080401,200804,7,1,1,61,6483,6483
20080401,200804,7,1,1,62,7293,7293
20080401,200804,7,1,1,65,1343,1343
20080401,200804,7,1,1,66,1222,1222
20080401,200804,7,1,1,67,612,612
20080401,200804,7,1,1,68,459,459
20080401,200804,7,1,1,69,134,134
20080401,200804,7,1,1,71,198,198
20080401,200804,7,1,1,73,817,817
20080401,200804,7,1,1,74,486,486
20080401,200804,7,1,1,76,901,901
20080401,200804,7,1,1,77,1621,1621
20080401,200804,7,1,1,78,446,446
20080401,200804,7,1,1,80,1856,1856
20080401,200804,7,1,1,81,1149,1149
20080401,200804,7,1,1,82,118,118
20080401,200804,7,1,1,83,414,414
20080401,200804,7,1,1,84,367,367
20080401,200804,7,1,1,85,331,331
20080401,200804,7,1,1,87,1530,1530
20080401,200804,7,1,1,89,358,358
20080401,200804,7,1,1,90,550,550
20080401,200804,7,1,1,91,-440,-440
20080401,200804,7,1,1,92,734,734
20080401,200804,7,1,1,94,402,402
20080401,200804,3,1,1,60,76797,76797
20080401,200804,3,1,1,61,7880,7880
20080401,200804,3,1,1,62,7880,7880
20080401,200804,3,1,1,65,1292,1292
20080401,200804,3,1,1,66,1175,1175
20080401,200804,3,1,1,67,583,583
20080401,200804,3,1,1,68,441,441
20080401,200804,3,1,1,69,129,129
20080401,200804,3,1,1,71,205,205
20080401,200804,3,1,1,73,778,778
20080401,200804,3,1,1,74,393,393
20080401,200804,3,1,1,76,842,842
20080401,200804,3,1,1,77,1517,1517
20080401,200804,3,1,1,78,395,395
20080401,200804,3,1,1,80,1488,1488
20080401,200804,3,1,1,81,921,921
20080401,200804,3,1,1,82,88,88
20080401,200804,3,1,1,83,308,308
20080401,200804,3,1,1,84,252,252
20080401,200804,3,1,1,85,246,246
20080401,200804,3,1,1,87,1418,1418
20080401,200804,3,1,1,89,328,328
20080401,200804,3,1,1,90,504,504
20080401,200804,3,1,1,91,-403,-403
20080401,200804,3,1,1,92,672,672
20080401,200804,3,1,1,94,47,47
20080401,200804,5,1,1,60,64584,64584
20080401,200804,5,1,1,61,7952,7952
20080401,200804,5,1,1,62,5963,5963
20080401,200804,5,1,1,65,1067,1067
20080401,200804,5,1,1,66,970,970
20080401,200804,5,1,1,67,486,486
20080401,200804,5,1,1,68,365,365
20080401,200804,5,1,1,69,107,107
20080401,200804,5,1,1,71,158,158
20080401,200804,5,1,1,73,649,649
20080401,200804,5,1,1,74,426,426
20080401,200804,5,1,1,76,716,716
20080401,200804,5,1,1,77,1288,1288
20080401,200804,5,1,1,78,353,353
20080401,200804,5,1,1,80,1431,1431
20080401,200804,5,1,1,81,886,886
20080401,200804,5,1,1,82,89,89
20080401,200804,5,1,1,83,313,313
20080401,200804,5,1,1,84,275,275
20080401,200804,5,1,1,85,250,250
20080401,200804,5,1,1,87,1215,1215
20080401,200804,5,1,1,89,298,298
20080401,200804,5,1,1,90,459,459
20080401,200804,5,1,1,91,-367,-367
20080401,200804,5,1,1,92,612,612
20080401,200804,5,1,1,94,344,344
20080401,200804,4,1,1,60,81282,81282
20080401,200804,4,1,1,61,8340,8340
20080401,200804,4,1,1,62,8340,8340
20080401,200804,4,1,1,65,1634,1634
20080401,200804,4,1,1,66,1486,1486
20080401,200804,4,1,1,67,741,741
20080401,200804,4,1,1,68,551,551
20080401,200804,4,1,1,69,163,163
20080401,200804,4,1,1,71,247,247
20080401,200804,4,1,1,73,963,963
20080401,200804,4,1,1,74,529,529
20080401,200804,4,1,1,76,1035,1035
20080401,200804,4,1,1,77,1863,1863
20080401,200804,4,1,1,78,501,501
20080401,200804,4,1,1,80,2134,2134
20080401,200804,4,1,1,81,1321,1321
20080401,200804,4,1,1,82,137,137
20080401,200804,4,1,1,83,480,480
20080401,200804,4,1,1,84,433,433
20080401,200804,4,1,1,85,384,384
20080401,200804,4,1,1,87,1710,1710
20080401,200804,4,1,1,89,423,423
20080401,200804,4,1,1,90,649,649
20080401,200804,4,1,1,91,-519,-519
20080401,200804,4,1,1,92,866,866
20080401,200804,4,1,1,94,462,462
20080401,200804,8,1,1,60,100504.47,99171.38
20080401,200804,8,1,1,61,8249.72,8140.3
20080401,200804,8,1,1,62,9281.56,9158.45
20080401,200804,8,1,1,65,1676.87,1654.63
20080401,200804,8,1,1,66,1525.35,1505.12
20080401,200804,8,1,1,67,764.73,754.59
20080401,200804,8,1,1,68,573.82,566.21
20080401,200804,8,1,1,69,169.27,167.02
20080401,200804,8,1,1,71,248.06,244.77
20080401,200804,8,1,1,73,1020.8,1007.26
20080401,200804,8,1,1,74,708.67,699.27
20080401,200804,8,1,1,76,1125.34,1110.41
20080401,200804,8,1,1,77,2023.85,1997.01
20080401,200804,8,1,1,78,573.82,566.21
20080401,200804,8,1,1,80,2428.4,2396.19
20080401,200804,8,1,1,81,1502.62,1482.69
20080401,200804,8,1,1,82,158.66,156.56
20080401,200804,8,1,1,83,551.09,543.78
20080401,200804,8,1,1,84,496.54,489.95
20080401,200804,8,1,1,85,442,436.14
20080401,200804,8,1,1,87,1910.21,1884.87
20080401,200804,8,1,1,89,484.42,477.99
20080401,200804,8,1,1,90,745.03,735.15
20080401,200804,8,1,1,91,-594.36,-586.48
20080401,200804,8,1,1,92,993.52,980.34
20080401,200804,8,1,1,94,526.85,519.86
20080401,200804,13,2,1,60,30666.74,28517.03
20080401,200804,13,2,1,61,3146.92,2926.32
20080401,200804,13,2,1,62,2517.09,2340.64
20080401,200804,13,2,1,65,485.47,451.44
20080401,200804,13,2,1,66,441.61,410.65
20080401,200804,13,2,1,67,225.82,209.99
20080401,200804,13,2,1,68,169.68,157.79
20080401,200804,13,2,1,69,50.38,46.85
20080401,200804,13,2,1,71,73.18,68.05
20080401,200804,13,2,1,73,310.03,288.3
20080401,200804,13,2,1,74,631.09,586.85
20080401,200804,13,2,1,76,359.15,333.97
20080401,200804,13,2,1,77,645.12,599.9
20080401,200804,13,2,1,78,225.82,209.99
20080401,200804,13,2,1,80,803.02,746.73
20080401,200804,13,2,1,81,497.75,462.86
20080401,200804,13,2,1,82,52.13,48.48
20080401,200804,13,2,1,83,181.96,169.2
20080401,200804,13,2,1,84,164.41,152.89
20080401,200804,13,2,1,85,146.87,136.57
20080401,200804,13,2,1,87,632.84,588.48
20080401,200804,13,2,1,89,160.9,149.62
20080401,200804,13,2,1,90,246.87,229.56
20080401,200804,13,2,1,91,-195.24,-181.55
20080401,200804,13,2,1,92,329.33,306.24
20080401,200804,12,2,1,60,4992.34,7860.95
20080401,200804,12,2,1,61,410.34,646.12
20080401,200804,12,2,1,62,461.41,726.54
20080401,200804,12,2,1,65,82.68,130.19
20080401,200804,12,2,1,66,75.23,118.46
20080401,200804,12,2,1,67,37.99,59.82
20080401,200804,12,2,1,68,28.42,44.75
20080401,200804,12,2,1,69,9.27,14.6
20080401,200804,12,2,1,71,12.46,19.62
20080401,200804,12,2,1,73,49.7,78.26
20080401,200804,12,2,1,74,398.64,627.7
20080401,200804,12,2,1,76,56.08,88.3
20080401,200804,12,2,1,77,100.76,158.66
20080401,200804,12,2,1,78,41.19,64.86
20080401,200804,12,2,1,80,109.27,172.06
20080401,200804,12,2,1,81,67.78,106.73
20080401,200804,12,2,1,82,7.14,11.24
20080401,200804,12,2,1,83,24.16,38.04
20080401,200804,12,2,1,84,20.97,33.02
20080401,200804,12,2,1,85,19.91,31.35
20080401,200804,12,2,1,87,96.51,151.96
20080401,200804,12,2,1,89,20.97,33.02
20080401,200804,12,2,1,90,31.61,49.77
20080401,200804,12,2,1,91,-23.71,-37.33
20080401,200804,12,2,1,92,41.19,64.86
20080401,200804,12,2,1,94,24.16,38.04
20080401,200804,8,2,1,60,44327.66,43739.7
20080401,200804,8,2,1,61,4548.14,4487.81
20080401,200804,8,2,1,62,4093.58,4039.28
20080401,200804,8,2,1,65,737.46,727.68
20080401,200804,8,2,1,66,670.79,661.89
20080401,200804,8,2,1,67,337.45,332.97
20080401,200804,8,2,1,68,255.63,252.24
20080401,200804,8,2,1,69,75.32,74.32
20080401,200804,8,2,1,71,107.14,105.72
20080401,200804,8,2,1,73,449.57,443.61
20080401,200804,8,2,1,74,645.03,636.47
20080401,200804,8,2,1,76,487.45,480.98
20080401,200804,8,2,1,77,875.34,863.73
20080401,200804,8,2,1,78,257.15,253.74
20080401,200804,8,2,1,80,982.92,969.88
20080401,200804,8,2,1,81,608.67,600.6
20080401,200804,8,2,1,82,63.2,62.36
20080401,200804,8,2,1,83,217.75,214.86
20080401,200804,8,2,1,84,191.99,189.44
20080401,200804,8,2,1,85,173.81,171.5
20080401,200804,8,2,1,87,819.28,808.41
20080401,200804,8,2,1,89,187.45,184.96
20080401,200804,8,2,1,90,287.45,283.64
20080401,200804,8,2,1,91,-227.7,-224.68
20080401,200804,8,2,1,92,382.91,377.83
20080401,200804,8,2,1,94,213.21,210.38
20080401,200804,3,7,1,60,13386,13386
20080401,200804,3,7,1,61,1099,1099
20080401,200804,3,7,1,62,1099,1099
20080401,200804,3,7,1,65,204,204
20080401,200804,3,7,1,66,185,185
20080401,200804,3,7,1,67,93,93
20080401,200804,3,7,1,68,72,72
20080401,200804,3,7,1,69,20,20
20080401,200804,3,7,1,71,31,31
20080401,200804,3,7,1,73,132,132
20080401,200804,3,7,1,74,269,269
20080401,200804,3,7,1,76,152,152
20080401,200804,3,7,1,77,272,272
20080401,200804,3,7,1,78,87,87
20080401,200804,3,7,1,80,315,315
20080401,200804,3,7,1,81,195,195
20080401,200804,3,7,1,82,20,20
20080401,200804,3,7,1,83,69,69
20080401,200804,3,7,1,84,60,60
20080401,200804,3,7,1,85,55,55
20080401,200804,3,7,1,87,270,270
20080401,200804,3,7,1,89,78,78
20080401,200804,3,7,1,90,120,120
20080401,200804,3,7,1,91,-96,-96
20080401,200804,3,7,1,92,160,160
20080401,200804,3,7,1,94,10,10
20080401,200804,11,5,1,60,7481.75,11780.79
20080401,200804,11,5,1,61,691.2,1088.37
20080401,200804,11,5,1,62,538,847.14
20080401,200804,11,5,1,65,105.02,165.36
20080401,200804,11,5,1,66,95.44,150.28
20080401,200804,11,5,1,67,49.7,78.26
20080401,200804,11,5,1,68,37.99,59.82
20080401,200804,11,5,1,69,11.4,17.95
20080401,200804,11,5,1,71,15.65,24.64
20080401,200804,11,5,1,73,69.91,110.08
20080401,200804,11,5,1,74,268.85,423.33
20080401,200804,11,5,1,76,82.68,130.19
20080401,200804,11,5,1,77,148.63,234.03
20080401,200804,11,5,1,78,65.65,103.37
20080401,200804,11,5,1,80,190.12,299.36
20080401,200804,11,5,1,81,117.78,185.46
20080401,200804,11,5,1,82,12.46,19.62
20080401,200804,11,5,1,83,43.31,68.2
20080401,200804,11,5,1,84,39.06,61.5
20080401,200804,11,5,1,85,34.8,54.8
20080401,200804,11,5,1,87,149.7,235.72
20080401,200804,11,5,1,89,49.7,78.26
20080401,200804,11,5,1,90,75.23,118.46
20080401,200804,11,5,1,91,-58.81,-92.6
20080401,200804,11,5,1,92,99.7,156.99
20080401,200804,11,5,1,94,52.89,83.28
20080401,200804,11,2,1,60,13895.7,21880.21
20080401,200804,11,2,1,61,1711.43,2694.82
20080401,200804,11,2,1,62,1426.32,2245.89
20080401,200804,11,2,1,65,282.68,445.11
20080401,200804,11,2,1,66,257.15,404.91
20080401,200804,11,2,1,67,127.36,200.54
20080401,200804,11,2,1,68,96.51,151.96
20080401,200804,11,2,1,69,29.48,46.42
20080401,200804,11,2,1,71,44.38,69.88
20080401,200804,11,2,1,73,167.78,264.19
20080401,200804,11,2,1,74,357.15,562.37
20080401,200804,11,2,1,76,179.49,282.63
20080401,200804,11,2,1,77,322.04,507.09
20080401,200804,11,2,1,78,85.87,135.21
20080401,200804,11,2,1,80,320.98,505.42
20080401,200804,11,2,1,81,198.64,312.78
20080401,200804,11,2,1,82,19.91,31.35
20080401,200804,11,2,1,83,66.72,105.06
20080401,200804,11,2,1,84,57.14,89.97
20080401,200804,11,2,1,85,53.95,84.95
20080401,200804,11,2,1,87,299.7,471.91
20080401,200804,11,2,1,89,70.97,111.75
20080401,200804,11,2,1,90,107.14,168.7
20080401,200804,11,2,1,91,-84.35,-132.82
20080401,200804,11,2,1,92,143.31,225.66
20080401,200804,11,2,1,94,89.06,140.23
20080401,200804,11,3,1,60,20229.86,31854
20080401,200804,11,3,1,61,1868.88,2942.74
20080401,200804,11,3,1,62,2076.33,3269.4
20080401,200804,11,3,1,65,352.89,555.66
20080401,200804,11,3,1,66,320.98,505.42
20080401,200804,11,3,1,67,159.27,250.79
20080401,200804,11,3,1,68,120.97,190.48
20080401,200804,11,3,1,69,35.87,56.48
20080401,200804,11,3,1,71,53.95,84.95
20080401,200804,11,3,1,73,210.34,331.2
20080401,200804,11,3,1,74,359.28,565.72
20080401,200804,11,3,1,76,225.23,354.65
20080401,200804,11,3,1,77,403.96,636.08
20080401,200804,11,3,1,78,111.4,175.41
20080401,200804,11,3,1,80,419.92,661.21
20080401,200804,11,3,1,81,260.34,409.93
20080401,200804,11,3,1,82,26.29,41.4
20080401,200804,11,3,1,83,89.06,140.23
20080401,200804,11,3,1,84,76.29,120.13
20080401,200804,11,3,1,85,70.97,111.75
20080401,200804,11,3,1,87,375.23,590.84
20080401,200804,11,3,1,89,95.44,150.28
20080401,200804,11,3,1,90,145.44,229.01
20080401,200804,11,3,1,91,-115.2,-181.39
20080401,200804,11,3,1,92,194.38,306.07
20080401,200804,11,3,1,94,116.72,183.79
20080401,200804,11,4,1,60,16186.17,25486.79
20080401,200804,11,4,1,61,1993.35,3138.73
20080401,200804,11,4,1,62,1661.43,2616.09
20080401,200804,11,4,1,65,289.06,455.15
20080401,200804,11,4,1,66,262.47,413.29
20080401,200804,11,4,1,67,129.48,203.88
20080401,200804,11,4,1,68,96.51,151.96
20080401,200804,11,4,1,69,29.48,46.42
20080401,200804,11,4,1,71,44.38,69.88
20080401,200804,11,4,1,73,167.78,264.19
20080401,200804,11,4,1,74,362.47,570.75
20080401,200804,11,4,1,76,181.61,285.96
20080401,200804,11,4,1,77,326.3,513.79
20080401,200804,11,4,1,78,103.95,163.68
20080401,200804,11,4,1,80,369.91,582.46
20080401,200804,11,4,1,81,229.49,361.36
20080401,200804,11,4,1,82,24.16,38.04
20080401,200804,11,4,1,83,83.74,131.86
20080401,200804,11,4,1,84,75.23,118.46
20080401,200804,11,4,1,85,66.72,105.06
20080401,200804,11,4,1,87,299.7,471.91
20080401,200804,11,4,1,89,93.31,146.93
20080401,200804,11,4,1,90,143.31,225.66
20080401,200804,11,4,1,91,-113.07,-178.04
20080401,200804,11,4,1,92,191.19,301.05
20080401,200804,11,4,1,94,102.89,162.01
20080401,200804,6,4,1,60,19871,19871
20080401,200804,6,4,1,61,2243,2243
20080401,200804,6,4,1,62,2038,2038
20080401,200804,6,4,1,65,364,364
20080401,200804,6,4,1,66,331,331
20080401,200804,6,4,1,67,165,165
20080401,200804,6,4,1,68,123,123
20080401,200804,6,4,1,69,36,36
20080401,200804,6,4,1,71,55,55
20080401,200804,6,4,1,73,214,214
20080401,200804,6,4,1,74,184,184
20080401,200804,6,4,1,76,230,230
20080401,200804,6,4,1,77,415,415
20080401,200804,6,4,1,78,109,109
20080401,200804,6,4,1,80,422,422
20080401,200804,6,4,1,81,261,261
20080401,200804,6,4,1,82,26,26
20080401,200804,6,4,1,83,90,90
20080401,200804,6,4,1,84,76,76
20080401,200804,6,4,1,85,72,72
20080401,200804,6,4,1,87,382,382
20080401,200804,6,4,1,89,193,193
20080401,200804,6,4,1,90,297,297
20080401,200804,6,4,1,91,-238,-238
20080401,200804,6,4,1,92,396,396
20080401,200804,6,3,1,60,29204,29204
20080401,200804,6,3,1,61,3296,3296
20080401,200804,6,3,1,62,2397,2397
20080401,200804,6,3,1,65,426,426
20080401,200804,6,3,1,66,387,387
20080401,200804,6,3,1,67,197,197
20080401,200804,6,3,1,68,151,151
20080401,200804,6,3,1,69,43,43
20080401,200804,6,3,1,71,68,68
20080401,200804,6,3,1,73,281,281
20080401,200804,6,3,1,74,165,165
20080401,200804,6,3,1,76,328,328
20080401,200804,6,3,1,77,589,589
20080401,200804,6,3,1,78,168,168
20080401,200804,6,3,1,80,666,666
20080401,200804,6,3,1,81,412,412
20080401,200804,6,3,1,82,41,41
20080401,200804,6,3,1,83,144,144
20080401,200804,6,3,1,84,125,125
20080401,200804,6,3,1,85,116,116
20080401,200804,6,3,1,87,589,589
20080401,200804,6,3,1,89,315,315
20080401,200804,6,3,1,90,484,484
20080401,200804,6,3,1,91,-387,-387
20080401,200804,6,3,1,92,646,646
20080401,200804,6,2,1,60,6943,6943
20080401,200804,6,2,1,61,783,783
20080401,200804,6,2,1,62,498,498
20080401,200804,6,2,1,65,94,94
20080401,200804,6,2,1,66,85,85
20080401,200804,6,2,1,67,43,43
20080401,200804,6,2,1,68,32,32
20080401,200804,6,2,1,69,9,9
20080401,200804,6,2,1,71,14,14
20080401,200804,6,2,1,73,62,62
20080401,200804,6,2,1,74,126,126
20080401,200804,6,2,1,76,76,76
20080401,200804,6,2,1,77,136,136
20080401,200804,6,2,1,78,46,46
20080401,200804,6,2,1,80,167,167
20080401,200804,6,2,1,81,103,103
20080401,200804,6,2,1,82,11,11
20080401,200804,6,2,1,83,36,36
20080401,200804,6,2,1,84,32,32
20080401,200804,6,2,1,85,29,29
20080401,200804,6,2,1,87,139,139
20080401,200804,6,2,1,89,82,82
20080401,200804,6,2,1,90,126,126
20080401,200804,6,2,1,91,-101,-101
20080401,200804,6,2,1,92,168,168
20080401,200804,6,5,1,60,15585,15585
20080401,200804,6,5,1,61,1919,1919
20080401,200804,6,5,1,62,960,960
20080401,200804,6,5,1,65,163,163
20080401,200804,6,5,1,66,148,148
20080401,200804,6,5,1,67,77,77
20080401,200804,6,5,1,68,59,59
20080401,200804,6,5,1,69,16,16
20080401,200804,6,5,1,71,24,24
20080401,200804,6,5,1,73,116,116
20080401,200804,6,5,1,74,123,123
20080401,200804,6,5,1,76,146,146
20080401,200804,6,5,1,77,263,263
20080401,200804,6,5,1,78,83,83
20080401,200804,6,5,1,80,320,320
20080401,200804,6,5,1,81,198,198
20080401,200804,6,5,1,82,20,20
20080401,200804,6,5,1,83,70,70
20080401,200804,6,5,1,84,60,60
20080401,200804,6,5,1,85,56,56
20080401,200804,6,5,1,87,277,277
20080401,200804,6,5,1,89,153,153
20080401,200804,6,5,1,90,235,235
20080401,200804,6,5,1,91,-188,-188
20080401,200804,6,5,1,92,313,313
20080401,200804,8,6,2,52,38154.18,38154.18
20080401,200804,8,6,2,53,41508.39,41508.39
20080401,200804,8,6,2,54,3228.84,3228.84
20080401,200804,8,6,2,56,141532.3,141532.3
20080401,200804,8,6,2,57,41089.12,41089.12
20080401,200804,8,6,2,60,49965.81,49965.81
20080401,200804,8,6,2,61,4947.21,4947.21
20080401,200804,8,6,2,62,4852.07,4852.07
20080401,200804,8,6,2,63,23061.62,23061.62
20080401,200804,8,6,2,65,838.31,838.31
20080401,200804,8,6,2,66,739.21,739.21
20080401,200804,8,6,2,67,340.05,340.05
20080401,200804,8,6,2,68,272.29,272.29
20080401,200804,8,6,2,69,89.03,89.03
20080401,200804,8,6,2,71,127.06,127.06
20080401,200804,8,6,2,72,1509.27,1509.27
20080401,200804,8,6,2,73,508.44,508.44
20080401,200804,8,6,2,74,604.65,604.65
20080401,200804,8,6,2,76,6415.94,6415.94
20080401,200804,8,6,2,77,1038.22,1038.22
20080401,200804,8,6,2,78,285.26,285.26
20080401,200804,8,6,2,80,1001.77,1001.77
20080401,200804,8,6,2,81,633.48,633.48
20080401,200804,8,6,2,82,58.62,58.62
20080401,200804,8,6,2,83,209.87,209.87
20080401,200804,8,6,2,84,178.33,178.33
20080401,200804,8,6,2,85,157.43,157.43
20080401,200804,8,6,2,87,1037.26,1037.26
20080401,200804,8,6,2,89,166.83,166.83
20080401,200804,8,6,2,90,286.83,286.83
20080401,200804,8,6,2,91,-232.41,-232.41
20080401,200804,8,6,2,92,342.51,342.51
20080401,200804,8,6,2,94,50381.06,50381.06
20080401,200804,8,6,2,101,649889.19,649889.19
20080401,200804,7,6,2,52,36378.18,36378.18
20080401,200804,7,6,2,53,25452.72,25452.72
20080401,200804,7,6,2,54,3106.92,3106.92
20080401,200804,7,6,2,56,115559.08,115559.08
20080401,200804,7,6,2,57,29175.12,29175.12
20080401,200804,7,6,2,60,56170.14,56170.14
20080401,200804,7,6,2,61,7584.72,7584.72
20080401,200804,7,6,2,62,3941.08,3941.08
20080401,200804,7,6,2,63,32116.05,32116.05
20080401,200804,7,6,2,65,702,702
20080401,200804,7,6,2,66,593.34,593.34
20080401,200804,7,6,2,67,344.5,344.5
20080401,200804,7,6,2,68,254.41,254.41
20080401,200804,7,6,2,69,75.6,75.6
20080401,200804,7,6,2,71,103.02,103.02
20080401,200804,7,6,2,72,1308,1308
20080401,200804,7,6,2,73,475.3,475.3
20080401,200804,7,6,2,74,376.64,376.64
20080401,200804,7,6,2,76,5593.32,5593.32
20080401,200804,7,6,2,77,1177.66,1177.66
20080401,200804,7,6,2,78,321.1,321.1
20080401,200804,7,6,2,80,1203.3,1203.3
20080401,200804,7,6,2,81,828,828
20080401,200804,7,6,2,82,87.98,87.98
20080401,200804,7,6,2,83,272.6,272.6
20080401,200804,7,6,2,84,256.47,256.47
20080401,200804,7,6,2,85,250.56,250.56
20080401,200804,7,6,2,87,1216.8,1216.8
20080401,200804,7,6,2,89,247.86,247.86
20080401,200804,7,6,2,90,385.22,385.22
20080401,200804,7,6,2,91,-290.03,-290.03
20080401,200804,7,6,2,92,528.94,528.94
20080401,200804,7,6,2,94,46883.55,46883.55
20080401,200804,7,6,2,101,540282.6,540282.6
20080401,200804,3,6,2,52,7629.93,7629.93
20080401,200804,3,6,2,53,2517.62,2517.62
20080401,200804,3,6,2,54,160.06,160.06
20080401,200804,3,6,2,56,86031.99,86031.99
20080401,200804,3,6,2,60,43325.56,43325.56
20080401,200804,3,6,2,61,4942.95,4942.95
20080401,200804,3,6,2,62,4435.98,4435.98
20080401,200804,3,6,2,63,5837.8,5837.8
20080401,200804,3,6,2,65,703.95,703.95
20080401,200804,3,6,2,66,647.04,647.04
20080401,200804,3,6,2,67,325.36,325.36
20080401,200804,3,6,2,68,274.32,274.32
20080401,200804,3,6,2,69,74.74,74.74
20080401,200804,3,6,2,71,109.44,109.44
20080401,200804,3,6,2,72,199.68,199.68
20080401,200804,3,6,2,73,414.96,414.96
20080401,200804,3,6,2,74,361.8,361.8
20080401,200804,3,6,2,76,2067.8,2067.8
20080401,200804,3,6,2,77,866.4,866.4
20080401,200804,3,6,2,78,237.36,237.36
20080401,200804,3,6,2,80,969.68,969.68
20080401,200804,3,6,2,81,679.12,679.12
20080401,200804,3,6,2,82,65.66,65.66
20080401,200804,3,6,2,83,235.33,235.33
20080401,200804,3,6,2,84,213.2,213.2
20080401,200804,3,6,2,85,202.74,202.74
20080401,200804,3,6,2,87,816.54,816.54
20080401,200804,3,6,2,89,248.31,248.31
20080401,200804,3,6,2,90,417.18,417.18
20080401,200804,3,6,2,91,-340.08,-340.08
20080401,200804,3,6,2,92,546,546
20080401,200804,3,6,2,94,1927.53,1927.53
20080401,200804,3,6,2,101,236353.52,236353.52
20080401,200804,5,6,2,52,9819.68,9819.68
20080401,200804,5,6,2,53,4862.63,4862.63
20080401,200804,5,6,2,54,5.25,5.25
20080401,200804,5,6,2,56,67012.14,67012.14
20080401,200804,5,6,2,57,12888.33,12888.33
20080401,200804,5,6,2,60,48646.22,48646.22
20080401,200804,5,6,2,61,4940.21,4940.21
20080401,200804,5,6,2,62,2872.64,2872.64
20080401,200804,5,6,2,63,8328.04,8328.04
20080401,200804,5,6,2,65,520.15,520.15
20080401,200804,5,6,2,66,514.8,514.8
20080401,200804,5,6,2,67,238.08,238.08
20080401,200804,5,6,2,68,197.4,197.4
20080401,200804,5,6,2,69,47.32,47.32
20080401,200804,5,6,2,71,74.69,74.69
20080401,200804,5,6,2,72,579.67,579.67
20080401,200804,5,6,2,73,339.43,339.43
20080401,200804,5,6,2,74,298.98,298.98
20080401,200804,5,6,2,76,2104.84,2104.84
20080401,200804,5,6,2,77,778.32,778.32
20080401,200804,5,6,2,78,251.46,251.46
20080401,200804,5,6,2,80,1074.7,1074.7
20080401,200804,5,6,2,81,659.45,659.45
20080401,200804,5,6,2,82,57.23,57.23
20080401,200804,5,6,2,83,194.58,194.58
20080401,200804,5,6,2,84,167.04,167.04
20080401,200804,5,6,2,85,161.02,161.02
20080401,200804,5,6,2,87,810.81,810.81
20080401,200804,5,6,2,89,204.12,204.12
20080401,200804,5,6,2,90,298.7,298.7
20080401,200804,5,6,2,91,-227.36,-227.36
20080401,200804,5,6,2,92,379.26,379.26
20080401,200804,5,6,2,94,14703.48,14703.48
20080401,200804,5,6,2,101,231334.88,231334.88
20080401,200804,4,6,2,52,19101.54,19101.54
20080401,200804,4,6,2,54,3271.84,3271.84
20080401,200804,4,6,2,56,89264.34,89264.34
20080401,200804,4,6,2,57,13623.65,13623.65
20080401,200804,4,6,2,60,55649.88,55649.88
20080401,200804,4,6,2,61,4920.3,4920.3
20080401,200804,4,6,2,62,5576.34,5576.34
20080401,200804,4,6,2,63,12640.5,12640.5
20080401,200804,4,6,2,65,1137.24,1137.24
20080401,200804,4,6,2,66,1005.9,1005.9
20080401,200804,4,6,2,67,491.4,491.4
20080401,200804,4,6,2,68,343.98,343.98
20080401,200804,4,6,2,69,98.7,98.7
20080401,200804,4,6,2,71,138.32,138.32
20080401,200804,4,6,2,72,439.92,439.92
20080401,200804,4,6,2,73,612.5,612.5
20080401,200804,4,6,2,74,490.35,490.35
20080401,200804,4,6,2,76,4612.41,4612.41
20080401,200804,4,6,2,77,1326.8,1326.8
20080401,200804,4,6,2,78,321.6,321.6
20080401,200804,4,6,2,80,1310,1310
20080401,200804,4,6,2,81,762.34,762.34
20080401,200804,4,6,2,82,72.9,72.9
20080401,200804,4,6,2,83,289.68,289.68
20080401,200804,4,6,2,84,245.82,245.82
20080401,200804,4,6,2,85,240.62,240.62
20080401,200804,4,6,2,87,1123.2,1123.2
20080401,200804,4,6,2,89,230.3,230.3
20080401,200804,4,6,2,90,347.52,347.52
20080401,200804,4,6,2,91,-266.8,-266.8
20080401,200804,4,6,2,92,434.7,434.7
20080401,200804,4,6,2,94,34201.8,34201.8
20080401,200804,4,6,2,101,510329.28,510329.28
20080401,200804,6,6,2,52,14647.42,14647.42
20080401,200804,6,6,2,53,7979.05,7979.05
20080401,200804,6,6,2,54,130.56,130.56
20080401,200804,6,6,2,56,54145.3,54145.3
20080401,200804,6,6,2,57,9675.84,9675.84
20080401,200804,6,6,2,60,20571.84,20571.84
20080401,200804,6,6,2,61,1828.32,1828.32
20080401,200804,6,6,2,62,1164.94,1164.94
20080401,200804,6,6,2,63,1241.28,1241.28
20080401,200804,6,6,2,65,165.54,165.54
20080401,200804,6,6,2,66,176.58,176.58
20080401,200804,6,6,2,67,92.56,92.56
20080401,200804,6,6,2,68,65.28,65.28
20080401,200804,6,6,2,69,18.72,18.72
20080401,200804,6,6,2,71,29.16,29.16
20080401,200804,6,6,2,72,117.39,117.39
20080401,200804,6,6,2,73,131.52,131.52
20080401,200804,6,6,2,74,124.3,124.3
20080401,200804,6,6,2,76,717.12,717.12
20080401,200804,6,6,2,77,326.18,326.18
20080401,200804,6,6,2,78,121.98,121.98
20080401,200804,6,6,2,80,463,463
20080401,200804,6,6,2,81,257.4,257.4
20080401,200804,6,6,2,82,28.71,28.71
20080401,200804,6,6,2,83,95.68,95.68
20080401,200804,6,6,2,84,83.72,83.72
20080401,200804,6,6,2,85,81.34,81.34
20080401,200804,6,6,2,87,404.92,404.92
20080401,200804,6,6,2,89,251.64,251.64
20080401,200804,6,6,2,90,348.23,348.23
20080401,200804,6,6,2,91,-278.39,-278.39
20080401,200804,6,6,2,92,507.74,507.74
20080401,200804,6,6,2,101,157905.9,157905.9
20080401,200804,11,6,2,52,7765.29,7765.29
20080401,200804,11,6,2,54,187.69,187.69
20080401,200804,11,6,2,56,30215.94,30215.94
20080401,200804,11,6,2,60,38557.93,38557.93
20080401,200804,11,6,2,61,3198.94,3198.94
20080401,200804,11,6,2,62,3992.72,3992.72
20080401,200804,11,6,2,63,1545.28,1545.28
20080401,200804,11,6,2,65,720.56,720.56
20080401,200804,11,6,2,66,700.62,700.62
20080401,200804,11,6,2,67,311.31,311.31
20080401,200804,11,6,2,68,216.86,216.86
20080401,200804,11,6,2,69,69.4,69.4
20080401,200804,11,6,2,71,98.2,98.2
20080401,200804,11,6,2,72,271.93,271.93
20080401,200804,11,6,2,73,442.72,442.72
20080401,200804,11,6,2,74,628.41,628.41
20080401,200804,11,6,2,76,1237.77,1237.77
20080401,200804,11,6,2,77,769.01,769.01
20080401,200804,11,6,2,78,198.53,198.53
20080401,200804,11,6,2,80,785.73,785.73
20080401,200804,11,6,2,81,491.34,491.34
20080401,200804,11,6,2,82,42.07,42.07
20080401,200804,11,6,2,83,172.94,172.94
20080401,200804,11,6,2,84,119.77,119.77
20080401,200804,11,6,2,85,125.15,125.15
20080401,200804,11,6,2,87,706.43,706.43
20080401,200804,11,6,2,89,148.95,148.95
20080401,200804,11,6,2,90,243.27,243.27
20080401,200804,11,6,2,91,-178.32,-178.32
20080401,200804,11,6,2,92,361.32,361.32
20080401,200804,11,6,2,94,7794.11,7794.11
20080401,200804,11,6,2,101,106584.53,106584.53
20080401,200804,12,6,2,52,9662.96,9662.96
20080401,200804,12,6,2,53,13275.68,13275.68
20080401,200804,12,6,2,54,798.08,798.08
20080401,200804,12,6,2,56,88646.84,88646.84
20080401,200804,12,6,2,60,48059.65,48059.65
20080401,200804,12,6,2,61,5380.28,5380.28
20080401,200804,12,6,2,62,5379.89,5379.89
20080401,200804,12,6,2,63,13405.83,13405.83
20080401,200804,12,6,2,65,820.11,820.11
20080401,200804,12,6,2,66,829.88,829.88
20080401,200804,12,6,2,67,394.62,394.62
20080401,200804,12,6,2,68,296.76,296.76
20080401,200804,12,6,2,69,91.75,91.75
20080401,200804,12,6,2,71,145.05,145.05
20080401,200804,12,6,2,72,716.27,716.27
20080401,200804,12,6,2,73,526.86,526.86
20080401,200804,12,6,2,74,693.39,693.39
20080401,200804,12,6,2,76,3589.67,3589.67
20080401,200804,12,6,2,77,909.35,909.35
20080401,200804,12,6,2,78,291.11,291.11
20080401,200804,12,6,2,80,1162.76,1162.76
20080401,200804,12,6,2,81,692.88,692.88
20080401,200804,12,6,2,82,70.93,70.93
20080401,200804,12,6,2,83,255.8,255.8
20080401,200804,12,6,2,84,213.45,213.45
20080401,200804,12,6,2,85,207.62,207.62
20080401,200804,12,6,2,87,869.54,869.54
20080401,200804,12,6,2,89,222.43,222.43
20080401,200804,12,6,2,90,335.98,335.98
20080401,200804,12,6,2,91,-234.37,-234.37
20080401,200804,12,6,2,92,385.91,385.91
20080401,200804,12,6,2,94,22175.72,22175.72
20080401,200804,12,6,2,101,292818.38,292818.38
20080401,200804,13,6,2,52,3560.24,3560.24
20080401,200804,13,6,2,53,4840.47,4840.47
20080401,200804,13,6,2,56,61560.63,61560.63
20080401,200804,13,6,2,57,5704.45,5704.45
20080401,200804,13,6,2,60,33349.99,33349.99
20080401,200804,13,6,2,61,3659.07,3659.07
20080401,200804,13,6,2,62,3388.03,3388.03
20080401,200804,13,6,2,63,3180.02,3180.02
20080401,200804,13,6,2,65,523.76,523.76
20080401,200804,13,6,2,66,559.81,559.81
20080401,200804,13,6,2,67,280.54,280.54
20080401,200804,13,6,2,68,216.62,216.62
20080401,200804,13,6,2,69,56.3,56.3
20080401,200804,13,6,2,71,94.6,94.6
20080401,200804,13,6,2,72,433.56,433.56
20080401,200804,13,6,2,73,326.88,326.88
20080401,200804,13,6,2,74,728.78,728.78
20080401,200804,13,6,2,76,1263.34,1263.34
20080401,200804,13,6,2,77,588.96,588.96
20080401,200804,13,6,2,78,200.36,200.36
20080401,200804,13,6,2,80,711.99,711.99
20080401,200804,13,6,2,81,423.85,423.85
20080401,200804,13,6,2,82,45.73,45.73
20080401,200804,13,6,2,83,158.08,158.08
20080401,200804,13,6,2,84,125.16,125.16
20080401,200804,13,6,2,85,118.17,118.17
20080401,200804,13,6,2,87,570.83,570.83
20080401,200804,13,6,2,89,113.64,113.64
20080401,200804,13,6,2,90,198.22,198.22
20080401,200804,13,6,2,91,-141.47,-141.47
20080401,200804,13,6,2,92,260.81,260.81
20080401,200804,13,6,2,101,124439.01,124439.01
20080401,200804,13,1,2,60,26770,26770
20080401,200804,13,1,2,61,2536.47,2536.47
20080401,200804,13,1,2,62,1464.93,1464.93
20080401,200804,13,1,2,65,310.95,310.95
20080401,200804,13,1,2,66,291.35,291.35
20080401,200804,13,1,2,67,140.67,140.67
20080401,200804,13,1,2,68,103.13,103.13
20080401,200804,13,1,2,69,35.07,35.07
20080401,200804,13,1,2,71,40.09,40.09
20080401,200804,13,1,2,73,231.86,231.86
20080401,200804,13,1,2,74,444.42,444.42
20080401,200804,13,1,2,76,322.89,322.89
20080401,200804,13,1,2,77,496.92,496.92
20080401,200804,13,1,2,78,203.56,203.56
20080401,200804,13,1,2,80,727.55,727.55
20080401,200804,13,1,2,81,424.31,424.31
20080401,200804,13,1,2,82,41.84,41.84
20080401,200804,13,1,2,83,142.19,142.19
20080401,200804,13,1,2,84,129.54,129.54
20080401,200804,13,1,2,85,111.17,111.17
20080401,200804,13,1,2,87,606.13,606.13
20080401,200804,13,1,2,89,126.41,126.41
20080401,200804,13,1,2,90,197.8,197.8
20080401,200804,13,1,2,91,-147.6,-147.6
20080401,200804,13,1,2,92,268.72,268.72
20080401,200804,12,1,2,60,29490.55,29490.55
20080401,200804,12,1,2,61,3177.89,3177.89
20080401,200804,12,1,2,62,1832.85,1832.85
20080401,200804,12,1,2,65,442.92,442.92
20080401,200804,12,1,2,66,393.72,393.72
20080401,200804,12,1,2,67,187.7,187.7
20080401,200804,12,1,2,68,161.98,161.98
20080401,200804,12,1,2,69,46.54,46.54
20080401,200804,12,1,2,71,59.66,59.66
20080401,200804,12,1,2,73,279.27,279.27
20080401,200804,12,1,2,74,543.09,543.09
20080401,200804,12,1,2,76,322.88,322.88
20080401,200804,12,1,2,77,567.67,567.67
20080401,200804,12,1,2,78,184.77,184.77
20080401,200804,12,1,2,80,654.6,654.6
20080401,200804,12,1,2,81,427.39,427.39
20080401,200804,12,1,2,82,46.53,46.53
20080401,200804,12,1,2,83,162.6,162.6
20080401,200804,12,1,2,84,139.3,139.3
20080401,200804,12,1,2,85,114.5,114.5
20080401,200804,12,1,2,87,543.82,543.82
20080401,200804,12,1,2,89,114.15,114.15
20080401,200804,12,1,2,90,205.3,205.3
20080401,200804,12,1,2,91,-142.22,-142.22
20080401,200804,12,1,2,92,239.98,239.98
20080401,200804,12,1,2,94,150.44,150.44
20080401,200804,11,1,2,60,61016.75,61016.75
20080401,200804,11,1,2,61,5582.82,5582.82
20080401,200804,11,1,2,62,5530.65,5530.65
20080401,200804,11,1,2,65,1108.75,1108.75
20080401,200804,11,1,2,66,851.71,851.71
20080401,200804,11,1,2,67,464.78,464.78
20080401,200804,11,1,2,68,351.49,351.49
20080401,200804,11,1,2,69,108.82,108.82
20080401,200804,11,1,2,71,144.41,144.41
20080401,200804,11,1,2,73,643.25,643.25
20080401,200804,11,1,2,74,537.43,537.43
20080401,200804,11,1,2,76,624.55,624.55
20080401,200804,11,1,2,77,1198.71,1198.71
20080401,200804,11,1,2,78,319.19,319.19
20080401,200804,11,1,2,80,1571.26,1571.26
20080401,200804,11,1,2,81,937.04,937.04
20080401,200804,11,1,2,82,84.33,84.33
20080401,200804,11,1,2,83,309.89,309.89
20080401,200804,11,1,2,84,252.85,252.85
20080401,200804,11,1,2,85,260.93,260.93
20080401,200804,11,1,2,87,1118.28,1118.28
20080401,200804,11,1,2,89,330.21,330.21
20080401,200804,11,1,2,90,544.3,544.3
20080401,200804,11,1,2,91,-433.59,-433.59
20080401,200804,11,1,2,92,696.62,696.62
20080401,200804,11,1,2,94,432.22,432.22
20080401,200804,6,1,2,60,28179.84,28179.84
20080401,200804,6,1,2,61,2552.04,2552.04
20080401,200804,6,1,2,62,2001.6,2001.6
20080401,200804,6,1,2,65,442.05,442.05
20080401,200804,6,1,2,66,372.48,372.48
20080401,200804,6,1,2,67,180.5,180.5
20080401,200804,6,1,2,68,131.04,131.04
20080401,200804,6,1,2,69,45.36,45.36
20080401,200804,6,1,2,71,66,66
20080401,200804,6,1,2,73,289.3,289.3
20080401,200804,6,1,2,74,186.18,186.18
20080401,200804,6,1,2,76,268.2,268.2
20080401,200804,6,1,2,77,525.28,525.28
20080401,200804,6,1,2,78,168.95,168.95
20080401,200804,6,1,2,80,608.12,608.12
20080401,200804,6,1,2,81,417.18,417.18
20080401,200804,6,1,2,82,45.15,45.15
20080401,200804,6,1,2,83,156,156
20080401,200804,6,1,2,84,140.4,140.4
20080401,200804,6,1,2,85,122.4,122.4
20080401,200804,6,1,2,87,478.4,478.4
20080401,200804,6,1,2,89,349.86,349.86
20080401,200804,6,1,2,90,568.08,568.08
20080401,200804,6,1,2,91,-425.21,-425.21
20080401,200804,6,1,2,92,666.9,666.9
20080401,200804,7,1,2,60,73453.26,73453.26
20080401,200804,7,1,2,61,7066.47,7066.47
20080401,200804,7,1,2,62,7365.93,7365.93
20080401,200804,7,1,2,65,1410.15,1410.15
20080401,200804,7,1,2,66,1136.46,1136.46
20080401,200804,7,1,2,67,618.12,618.12
20080401,200804,7,1,2,68,445.23,445.23
20080401,200804,7,1,2,69,134,134
20080401,200804,7,1,2,71,203.94,203.94
20080401,200804,7,1,2,73,857.85,857.85
20080401,200804,7,1,2,74,447.12,447.12
20080401,200804,7,1,2,76,855.95,855.95
20080401,200804,7,1,2,77,1539.95,1539.95
20080401,200804,7,1,2,78,463.84,463.84
20080401,200804,7,1,2,80,1744.64,1744.64
20080401,200804,7,1,2,81,1068.57,1068.57
20080401,200804,7,1,2,82,113.28,113.28
20080401,200804,7,1,2,83,380.88,380.88
20080401,200804,7,1,2,84,341.31,341.31
20080401,200804,7,1,2,85,337.62,337.62
20080401,200804,7,1,2,87,1667.7,1667.7
20080401,200804,7,1,2,89,336.52,336.52
20080401,200804,7,1,2,90,517,517
20080401,200804,7,1,2,91,-444.4,-444.4
20080401,200804,7,1,2,92,711.98,711.98
20080401,200804,7,1,2,94,365.82,365.82
20080401,200804,3,1,2,60,78332.94,78332.94
20080401,200804,3,1,2,61,8037.6,8037.6
20080401,200804,3,1,2,62,7092,7092
20080401,200804,3,1,2,65,1266.16,1266.16
20080401,200804,3,1,2,66,1292.5,1292.5
20080401,200804,3,1,2,67,635.47,635.47
20080401,200804,3,1,2,68,458.64,458.64
20080401,200804,3,1,2,69,132.87,132.87
20080401,200804,3,1,2,71,209.1,209.1
20080401,200804,3,1,2,73,762.44,762.44
20080401,200804,3,1,2,74,400.86,400.86
20080401,200804,3,1,2,76,766.22,766.22
20080401,200804,3,1,2,77,1365.3,1365.3
20080401,200804,3,1,2,78,387.1,387.1
20080401,200804,3,1,2,80,1577.28,1577.28
20080401,200804,3,1,2,81,994.68,994.68
20080401,200804,3,1,2,82,87.12,87.12
20080401,200804,3,1,2,83,311.08,311.08
20080401,200804,3,1,2,84,257.04,257.04
20080401,200804,3,1,2,85,263.22,263.22
20080401,200804,3,1,2,87,1304.56,1304.56
20080401,200804,3,1,2,89,331.28,331.28
20080401,200804,3,1,2,90,463.68,463.68
20080401,200804,3,1,2,91,-419.12,-419.12
20080401,200804,3,1,2,92,672,672
20080401,200804,3,1,2,94,46.06,46.06
20080401,200804,5,1,2,60,58125.6,58125.6
20080401,200804,5,1,2,61,8588.16,8588.16
20080401,200804,5,1,2,62,6141.89,6141.89
20080401,200804,5,1,2,65,1088.34,1088.34
20080401,200804,5,1,2,66,902.1,902.1
20080401,200804,5,1,2,67,495.72,495.72
20080401,200804,5,1,2,68,379.6,379.6
20080401,200804,5,1,2,69,114.49,114.49
20080401,200804,5,1,2,71,154.84,154.84
20080401,200804,5,1,2,73,629.53,629.53
20080401,200804,5,1,2,74,387.66,387.66
20080401,200804,5,1,2,76,744.64,744.64
20080401,200804,5,1,2,77,1197.84,1197.84
20080401,200804,5,1,2,78,349.47,349.47
20080401,200804,5,1,2,80,1531.17,1531.17
20080401,200804,5,1,2,81,939.16,939.16
20080401,200804,5,1,2,82,97.01,97.01
20080401,200804,5,1,2,83,334.91,334.91
20080401,200804,5,1,2,84,258.5,258.5
20080401,200804,5,1,2,85,225,225
20080401,200804,5,1,2,87,1202.85,1202.85
20080401,200804,5,1,2,89,321.84,321.84
20080401,200804,5,1,2,90,472.77,472.77
20080401,200804,5,1,2,91,-389.02,-389.02
20080401,200804,5,1,2,92,563.04,563.04
20080401,200804,5,1,2,94,361.2,361.2
20080401,200804,4,1,2,60,74779.44,74779.44
20080401,200804,4,1,2,61,8089.8,8089.8
20080401,200804,4,1,2,62,8923.8,8923.8
20080401,200804,4,1,2,65,1634,1634
20080401,200804,4,1,2,66,1367.12,1367.12
20080401,200804,4,1,2,67,741,741
20080401,200804,4,1,2,68,534.47,534.47
20080401,200804,4,1,2,69,156.48,156.48
20080401,200804,4,1,2,71,237.12,237.12
20080401,200804,4,1,2,73,876.33,876.33
20080401,200804,4,1,2,74,529,529
20080401,200804,4,1,2,76,1035,1035
20080401,200804,4,1,2,77,1788.48,1788.48
20080401,200804,4,1,2,78,460.92,460.92
20080401,200804,4,1,2,80,2155.34,2155.34
20080401,200804,4,1,2,81,1294.58,1294.58
20080401,200804,4,1,2,82,124.67,124.67
20080401,200804,4,1,2,83,484.8,484.8
20080401,200804,4,1,2,84,420.01,420.01
20080401,200804,4,1,2,85,376.32,376.32
20080401,200804,4,1,2,87,1607.4,1607.4
20080401,200804,4,1,2,89,427.23,427.23
20080401,200804,4,1,2,90,597.08,597.08
20080401,200804,4,1,2,91,-467.1,-467.1
20080401,200804,4,1,2,92,900.64,900.64
20080401,200804,4,1,2,94,425.04,425.04
20080401,200804,8,1,2,60,94212.81,94212.81
20080401,200804,8,1,2,61,7977.49,7977.49
20080401,200804,8,1,2,62,9158.45,9158.45
20080401,200804,8,1,2,65,1489.17,1489.17
20080401,200804,8,1,2,66,1535.22,1535.22
20080401,200804,8,1,2,67,724.41,724.41
20080401,200804,8,1,2,68,617.17,617.17
20080401,200804,8,1,2,69,168.69,168.69
20080401,200804,8,1,2,71,247.22,247.22
20080401,200804,8,1,2,73,1077.77,1077.77
20080401,200804,8,1,2,74,636.34,636.34
20080401,200804,8,1,2,76,1210.35,1210.35
20080401,200804,8,1,2,77,1857.22,1857.22
20080401,200804,8,1,2,78,537.9,537.9
20080401,200804,8,1,2,80,2444.11,2444.11
20080401,200804,8,1,2,81,1586.48,1586.48
20080401,200804,8,1,2,82,144.04,144.04
20080401,200804,8,1,2,83,494.84,494.84
20080401,200804,8,1,2,84,524.25,524.25
20080401,200804,8,1,2,85,431.78,431.78
20080401,200804,8,1,2,87,1696.38,1696.38
20080401,200804,8,1,2,89,468.43,468.43
20080401,200804,8,1,2,90,691.04,691.04
20080401,200804,8,1,2,91,-563.02,-563.02
20080401,200804,8,1,2,92,1048.96,1048.96
20080401,200804,8,1,2,94,540.65,540.65
20080401,200804,13,2,2,60,25950.5,25950.5
20080401,200804,13,2,2,61,3043.37,3043.37
20080401,200804,13,2,2,62,2410.86,2410.86
20080401,200804,13,2,2,65,415.32,415.32
20080401,200804,13,2,2,66,394.22,394.22
20080401,200804,13,2,2,67,199.49,199.49
20080401,200804,13,2,2,68,148.32,148.32
20080401,200804,13,2,2,69,42.17,42.17
20080401,200804,13,2,2,71,62.61,62.61
20080401,200804,13,2,2,73,268.12,268.12
20080401,200804,13,2,2,74,539.9,539.9
20080401,200804,13,2,2,76,307.25,307.25
20080401,200804,13,2,2,77,545.91,545.91
20080401,200804,13,2,2,78,191.09,191.09
20080401,200804,13,2,2,80,784.07,784.07
20080401,200804,13,2,2,81,499.89,499.89
20080401,200804,13,2,2,82,47.03,47.03
20080401,200804,13,2,2,83,184.43,184.43
20080401,200804,13,2,2,84,165.12,165.12
20080401,200804,13,2,2,85,122.91,122.91
20080401,200804,13,2,2,87,570.83,570.83
20080401,200804,13,2,2,89,154.11,154.11
20080401,200804,13,2,2,90,213.49,213.49
20080401,200804,13,2,2,91,-170.66,-170.66
20080401,200804,13,2,2,92,318.49,318.49
20080401,200804,12,2,2,60,8018.17,8018.17
20080401,200804,12,2,2,61,613.81,613.81
20080401,200804,12,2,2,62,733.81,733.81
20080401,200804,12,2,2,65,131.49,131.49
20080401,200804,12,2,2,66,118.46,118.46
20080401,200804,12,2,2,67,54.44,54.44
20080401,200804,12,2,2,68,44.75,44.75
20080401,200804,12,2,2,69,13.29,13.29
20080401,200804,12,2,2,71,17.66,17.66
20080401,200804,12,2,2,73,74.35,74.35
20080401,200804,12,2,2,74,640.25,640.25
20080401,200804,12,2,2,76,94.48,94.48
20080401,200804,12,2,2,77,144.38,144.38
20080401,200804,12,2,2,78,60.97,60.97
20080401,200804,12,2,2,80,161.74,161.74
20080401,200804,12,2,2,81,101.39,101.39
20080401,200804,12,2,2,82,10.23,10.23
20080401,200804,12,2,2,83,38.42,38.42
20080401,200804,12,2,2,84,31.37,31.37
20080401,200804,12,2,2,85,33.23,33.23
20080401,200804,12,2,2,87,153.48,153.48
20080401,200804,12,2,2,89,36.32,36.32
20080401,200804,12,2,2,90,52.76,52.76
20080401,200804,12,2,2,91,-33.97,-33.97
20080401,200804,12,2,2,92,65.51,65.51
20080401,200804,12,2,2,94,39.18,39.18
20080401,200804,8,2,2,60,41990.11,41990.11
20080401,200804,8,2,2,61,4218.54,4218.54
20080401,200804,8,2,2,62,4281.64,4281.64
20080401,200804,8,2,2,65,734.96,734.96
20080401,200804,8,2,2,66,661.89,661.89
20080401,200804,8,2,2,67,329.64,329.64
20080401,200804,8,2,2,68,254.76,254.76
20080401,200804,8,2,2,69,74.32,74.32
20080401,200804,8,2,2,71,104.66,104.66
20080401,200804,8,2,2,73,408.12,408.12
20080401,200804,8,2,2,74,674.66,674.66
20080401,200804,8,2,2,76,461.74,461.74
20080401,200804,8,2,2,77,855.09,855.09
20080401,200804,8,2,2,78,233.44,233.44
20080401,200804,8,2,2,80,1028.07,1028.07
20080401,200804,8,2,2,81,600.6,600.6
20080401,200804,8,2,2,82,59.87,59.87
20080401,200804,8,2,2,83,217.01,217.01
20080401,200804,8,2,2,84,183.76,183.76
20080401,200804,8,2,2,85,178.36,178.36
20080401,200804,8,2,2,87,727.57,727.57
20080401,200804,8,2,2,89,168.31,168.31
20080401,200804,8,2,2,90,294.99,294.99
20080401,200804,8,2,2,91,-220.19,-220.19
20080401,200804,8,2,2,92,408.06,408.06
20080401,200804,8,2,2,94,223,223
20080401,200804,3,7,2,60,14456.88,14456.88
20080401,200804,3,7,2,61,1131.97,1131.97
20080401,200804,3,7,2,62,1186.92,1186.92
20080401,200804,3,7,2,65,206.04,206.04
20080401,200804,3,7,2,66,168.35,168.35
20080401,200804,3,7,2,67,101.37,101.37
20080401,200804,3,7,2,68,69.84,69.84
20080401,200804,3,7,2,69,18.6,18.6
20080401,200804,3,7,2,71,29.76,29.76
20080401,200804,3,7,2,73,141.24,141.24
20080401,200804,3,7,2,74,277.07,277.07
20080401,200804,3,7,2,76,148.96,148.96
20080401,200804,3,7,2,77,266.56,266.56
20080401,200804,3,7,2,78,91.35,91.35
20080401,200804,3,7,2,80,346.5,346.5
20080401,200804,3,7,2,81,183.3,183.3
20080401,200804,3,7,2,82,21.8,21.8
20080401,200804,3,7,2,83,74.52,74.52
20080401,200804,3,7,2,84,57,57
20080401,200804,3,7,2,85,50.05,50.05
20080401,200804,3,7,2,87,253.8,253.8
20080401,200804,3,7,2,89,82.68,82.68
20080401,200804,3,7,2,90,108,108
20080401,200804,3,7,2,91,-96,-96
20080401,200804,3,7,2,92,174.4,174.4
20080401,200804,3,7,2,94,9.7,9.7
20080401,200804,11,5,2,60,12605.45,12605.45
20080401,200804,11,5,2,61,990.42,990.42
20080401,200804,11,5,2,62,796.31,796.31
20080401,200804,11,5,2,65,152.13,152.13
20080401,200804,11,5,2,66,150.28,150.28
20080401,200804,11,5,2,67,73.56,73.56
20080401,200804,11,5,2,68,63.41,63.41
20080401,200804,11,5,2,69,17.59,17.59
20080401,200804,11,5,2,71,22.92,22.92
20080401,200804,11,5,2,73,118.89,118.89
20080401,200804,11,5,2,74,465.66,465.66
20080401,200804,11,5,2,76,141.91,141.91
20080401,200804,11,5,2,77,234.03,234.03
20080401,200804,11,5,2,78,93.03,93.03
20080401,200804,11,5,2,80,305.35,305.35
20080401,200804,11,5,2,81,176.19,176.19
20080401,200804,11,5,2,82,18.25,18.25
20080401,200804,11,5,2,83,66.84,66.84
20080401,200804,11,5,2,84,62.73,62.73
20080401,200804,11,5,2,85,57.54,57.54
20080401,200804,11,5,2,87,252.22,252.22
20080401,200804,11,5,2,89,72,72
20080401,200804,11,5,2,90,108.98,108.98
20080401,200804,11,5,2,91,-85.19,-85.19
20080401,200804,11,5,2,92,155.42,155.42
20080401,200804,11,5,2,94,79.12,79.12
20080401,200804,11,2,2,60,21442.61,21442.61
20080401,200804,11,2,2,61,2667.87,2667.87
20080401,200804,11,2,2,62,2223.43,2223.43
20080401,200804,11,2,2,65,489.62,489.62
20080401,200804,11,2,2,66,425.16,425.16
20080401,200804,11,2,2,67,188.51,188.51
20080401,200804,11,2,2,68,161.08,161.08
20080401,200804,11,2,2,69,50.13,50.13
20080401,200804,11,2,2,71,62.89,62.89
20080401,200804,11,2,2,73,274.76,274.76
20080401,200804,11,2,2,74,584.86,584.86
20080401,200804,11,2,2,76,276.98,276.98
20080401,200804,11,2,2,77,532.44,532.44
20080401,200804,11,2,2,78,139.27,139.27
20080401,200804,11,2,2,80,520.58,520.58
20080401,200804,11,2,2,81,337.8,337.8
20080401,200804,11,2,2,82,32.6,32.6
20080401,200804,11,2,2,83,95.6,95.6
20080401,200804,11,2,2,84,89.07,89.07
20080401,200804,11,2,2,85,85.8,85.8
20080401,200804,11,2,2,87,434.16,434.16
20080401,200804,11,2,2,89,117.34,117.34
20080401,200804,11,2,2,90,178.82,178.82
20080401,200804,11,2,2,91,-119.54,-119.54
20080401,200804,11,2,2,92,225.66,225.66
20080401,200804,11,2,2,94,137.43,137.43
20080401,200804,11,3,2,60,31216.92,31216.92
20080401,200804,11,3,2,61,2707.32,2707.32
20080401,200804,11,3,2,62,3073.24,3073.24
20080401,200804,11,3,2,65,594.56,594.56
20080401,200804,11,3,2,66,510.47,510.47
20080401,200804,11,3,2,67,265.84,265.84
20080401,200804,11,3,2,68,198.1,198.1
20080401,200804,11,3,2,69,51.96,51.96
20080401,200804,11,3,2,71,92.6,92.6
20080401,200804,11,3,2,73,334.51,334.51
20080401,200804,11,3,2,74,571.38,571.38
20080401,200804,11,3,2,76,351.1,351.1
20080401,200804,11,3,2,77,604.28,604.28
20080401,200804,11,3,2,78,185.93,185.93
20080401,200804,11,3,2,80,595.09,595.09
20080401,200804,11,3,2,81,450.92,450.92
20080401,200804,11,3,2,82,41.4,41.4
20080401,200804,11,3,2,83,141.63,141.63
20080401,200804,11,3,2,84,117.73,117.73
20080401,200804,11,3,2,85,122.93,122.93
20080401,200804,11,3,2,87,626.29,626.29
20080401,200804,11,3,2,89,163.81,163.81
20080401,200804,11,3,2,90,229.01,229.01
20080401,200804,11,3,2,91,-197.72,-197.72
20080401,200804,11,3,2,92,290.77,290.77
20080401,200804,11,3,2,94,196.66,196.66
20080401,200804,11,4,2,60,27270.87,27270.87
20080401,200804,11,4,2,61,3075.96,3075.96
20080401,200804,11,4,2,62,2406.8,2406.8
20080401,200804,11,4,2,65,455.15,455.15
20080401,200804,11,4,2,66,425.69,425.69
20080401,200804,11,4,2,67,201.84,201.84
20080401,200804,11,4,2,68,142.84,142.84
20080401,200804,11,4,2,69,45.96,45.96
20080401,200804,11,4,2,71,76.17,76.17
20080401,200804,11,4,2,73,256.26,256.26
20080401,200804,11,4,2,74,525.09,525.09
20080401,200804,11,4,2,76,294.54,294.54
20080401,200804,11,4,2,77,467.55,467.55
20080401,200804,11,4,2,78,165.32,165.32
20080401,200804,11,4,2,80,535.86,535.86
20080401,200804,11,4,2,81,346.91,346.91
20080401,200804,11,4,2,82,41.84,41.84
20080401,200804,11,4,2,83,145.05,145.05
20080401,200804,11,4,2,84,123.2,123.2
20080401,200804,11,4,2,85,114.52,114.52
20080401,200804,11,4,2,87,434.16,434.16
20080401,200804,11,4,2,89,154.28,154.28
20080401,200804,11,4,2,90,214.38,214.38
20080401,200804,11,4,2,91,-178.04,-178.04
20080401,200804,11,4,2,92,316.1,316.1
20080401,200804,11,4,2,94,163.63,163.63
20080401,200804,6,4,2,60,18678.74,18678.74
20080401,200804,6,4,2,61,2153.28,2153.28
20080401,200804,6,4,2,62,1895.34,1895.34
20080401,200804,6,4,2,65,356.72,356.72
20080401,200804,6,4,2,66,317.76,317.76
20080401,200804,6,4,2,67,155.1,155.1
20080401,200804,6,4,2,68,130.38,130.38
20080401,200804,6,4,2,69,35.64,35.64
20080401,200804,6,4,2,71,51.7,51.7
20080401,200804,6,4,2,73,235.4,235.4
20080401,200804,6,4,2,74,172.96,172.96
20080401,200804,6,4,2,76,246.1,246.1
20080401,200804,6,4,2,77,423.3,423.3
20080401,200804,6,4,2,78,112.27,112.27
20080401,200804,6,4,2,80,438.88,438.88
20080401,200804,6,4,2,81,258.39,258.39
20080401,200804,6,4,2,82,26.26,26.26
20080401,200804,6,4,2,83,82.8,82.8
20080401,200804,6,4,2,84,80.56,80.56
20080401,200804,6,4,2,85,74.16,74.16
20080401,200804,6,4,2,87,408.74,408.74
20080401,200804,6,4,2,89,212.3,212.3
20080401,200804,6,4,2,90,282.15,282.15
20080401,200804,6,4,2,91,-218.96,-218.96
20080401,200804,6,4,2,92,403.92,403.92
20080401,200804,6,3,2,60,30372.16,30372.16
20080401,200804,6,3,2,61,3493.76,3493.76
20080401,200804,6,3,2,62,2157.3,2157.3
20080401,200804,6,3,2,65,400.44,400.44
20080401,200804,6,3,2,66,363.78,363.78
20080401,200804,6,3,2,67,204.88,204.88
20080401,200804,6,3,2,68,138.92,138.92
20080401,200804,6,3,2,69,45.58,45.58
20080401,200804,6,3,2,71,72.08,72.08
20080401,200804,6,3,2,73,252.9,252.9
20080401,200804,6,3,2,74,181.5,181.5
20080401,200804,6,3,2,76,321.44,321.44
20080401,200804,6,3,2,77,647.9,647.9
20080401,200804,6,3,2,78,173.04,173.04
20080401,200804,6,3,2,80,685.98,685.98
20080401,200804,6,3,2,81,395.52,395.52
20080401,200804,6,3,2,82,44.69,44.69
20080401,200804,6,3,2,83,145.44,145.44
20080401,200804,6,3,2,84,122.5,122.5
20080401,200804,6,3,2,85,119.48,119.48
20080401,200804,6,3,2,87,565.44,565.44
20080401,200804,6,3,2,89,318.15,318.15
20080401,200804,6,3,2,90,498.52,498.52
20080401,200804,6,3,2,91,-398.61,-398.61
20080401,200804,6,3,2,92,633.08,633.08
20080401,200804,6,2,2,60,6595.85,6595.85
20080401,200804,6,2,2,61,853.47,853.47
20080401,200804,6,2,2,62,493.02,493.02
20080401,200804,6,2,2,65,88.36,88.36
20080401,200804,6,2,2,66,90.1,90.1
20080401,200804,6,2,2,67,46.87,46.87
20080401,200804,6,2,2,68,35.2,35.2
20080401,200804,6,2,2,69,9.63,9.63
20080401,200804,6,2,2,71,14.28,14.28
20080401,200804,6,2,2,73,58.9,58.9
20080401,200804,6,2,2,74,127.26,127.26
20080401,200804,6,2,2,76,80.56,80.56
20080401,200804,6,2,2,77,129.2,129.2
20080401,200804,6,2,2,78,46.92,46.92
20080401,200804,6,2,2,80,177.02,177.02
20080401,200804,6,2,2,81,112.27,112.27
20080401,200804,6,2,2,82,11.77,11.77
20080401,200804,6,2,2,83,34.92,34.92
20080401,200804,6,2,2,84,35.2,35.2
20080401,200804,6,2,2,85,29.87,29.87
20080401,200804,6,2,2,87,134.83,134.83
20080401,200804,6,2,2,89,78.72,78.72
20080401,200804,6,2,2,90,133.56,133.56
20080401,200804,6,2,2,91,-91.91,-91.91
20080401,200804,6,2,2,92,152.88,152.88
20080401,200804,6,5,2,60,15429.15,15429.15
20080401,200804,6,5,2,61,1938.19,1938.19
20080401,200804,6,5,2,62,1017.6,1017.6
20080401,200804,6,5,2,65,156.48,156.48
20080401,200804,6,5,2,66,159.84,159.84
20080401,200804,6,5,2,67,81.62,81.62
20080401,200804,6,5,2,68,54.28,54.28
20080401,200804,6,5,2,69,15.04,15.04
20080401,200804,6,5,2,71,22.08,22.08
20080401,200804,6,5,2,73,109.04,109.04
20080401,200804,6,5,2,74,116.85,116.85
20080401,200804,6,5,2,76,135.78,135.78
20080401,200804,6,5,2,77,273.52,273.52
20080401,200804,6,5,2,78,78.85,78.85
20080401,200804,6,5,2,80,320,320
20080401,200804,6,5,2,81,203.94,203.94
20080401,200804,6,5,2,82,20,20
20080401,200804,6,5,2,83,76.3,76.3
20080401,200804,6,5,2,84,65.4,65.4
20080401,200804,6,5,2,85,50.4,50.4
20080401,200804,6,5,2,87,285.31,285.31
20080401,200804,6,5,2,89,153,153
20080401,200804,6,5,2,90,242.05,242.05
20080401,200804,6,5,2,91,-206.8,-206.8
20080401,200804,6,5,2,92,325.52,325.52
