{

"name": "Gartner",

"dataColors": [ 
	"#235eb5", 
	"#c0c6cf", 
	"#dd0f31", 
	"#00b7c3", 
	"#f2c811", 
	"#68758c", 
	"#dd8e07", 
	"#4f96fd", 
	"#172854", 
	"#56e6ef", 
	"#f8e225", 
	"#f0f2f5"
	 ],


"background": "#FFFFFF",
"foreground": "#070f25",
"tableAccent":"#0F1934",
	"visualStyles": 
	{
		"treemap": {
            "*": {
            	"labels": [{

            	    "show": true,
                    "color": {
                        "solid": {
                            "color": "#ffffff"
                        }
                    },
                    "fontSize": 9,
                    "fontFamily": "Segoe UI"
                }]
             }       
        }
	}

}
